00, 02-05-2020 19:57:26, Hardware monitoring log v1.5 
01, 02-05-2020 19:57:26, GeForce RTX 2070,Intel(R) HD Graphics 630
02, 02-05-2020 19:57:26, GPU1 usage          ,GPU1 memory usage   ,CPU usage           ,CPU clock           ,RAM usage           ,Framerate           ,Frametime           
03, 02-05-2020 19:57:26, 0                   ,%                   ,0.000               ,100.000             ,10                  ,                    ,                    
03, 02-05-2020 19:57:26, 1                   ,MB                  ,0.000               ,8192.000            ,10                  ,                    ,                    
03, 02-05-2020 19:57:26, 2                   ,%                   ,0.000               ,100.000             ,10                  ,                    ,                    
03, 02-05-2020 19:57:26, 3                   ,MHz                 ,0.000               ,5000.000            ,10                  ,                    ,                    
03, 02-05-2020 19:57:26, 4                   ,MB                  ,0.000               ,16384.000           ,10                  ,                    ,                    
03, 02-05-2020 19:57:26, 5                   ,FPS                 ,0.000               ,200.000             ,10                  ,                    ,                    
03, 02-05-2020 19:57:26, 6                   ,ms                  ,0.000               ,50.000              ,10                  ,                    ,                    
80, 02-05-2020 19:57:26, 0.000               ,436.926             ,12.109              ,2195.369            ,3912.000            ,N/A                 ,0.000               
80, 02-05-2020 19:57:27, 1.000               ,436.926             ,8.203               ,2993.685            ,3913.000            ,N/A                 ,0.000               
80, 02-05-2020 19:57:28, 1.000               ,436.926             ,9.375               ,2694.316            ,3913.000            ,N/A                 ,0.000               
80, 02-05-2020 19:57:29, 0.000               ,436.926             ,3.516               ,2694.316            ,3912.000            ,N/A                 ,0.000               
80, 02-05-2020 19:57:30, 0.000               ,436.926             ,3.125               ,2394.947            ,3912.000            ,N/A                 ,0.000               
80, 02-05-2020 19:57:31, 0.000               ,436.926             ,6.250               ,4191.159            ,3911.000            ,N/A                 ,0.000               
80, 02-05-2020 19:57:32, 0.000               ,436.926             ,7.031               ,2095.578            ,3911.000            ,N/A                 ,0.000               
80, 02-05-2020 19:57:33, 0.000               ,436.926             ,4.297               ,2095.578            ,3911.000            ,N/A                 ,0.000               
80, 02-05-2020 19:57:34, 0.000               ,436.926             ,7.813               ,2694.316            ,3911.000            ,N/A                 ,0.000               
80, 02-05-2020 19:57:35, 0.000               ,436.926             ,15.234              ,3392.843            ,3911.000            ,N/A                 ,0.000               
80, 02-05-2020 19:57:36, 0.000               ,436.926             ,33.203              ,4191.159            ,3910.000            ,N/A                 ,0.000               
80, 02-05-2020 19:57:37, 0.000               ,436.926             ,28.516              ,4191.158            ,3910.000            ,N/A                 ,0.000               
80, 02-05-2020 19:57:38, 0.000               ,436.926             ,26.953              ,4191.158            ,3910.000            ,N/A                 ,0.000               
80, 02-05-2020 19:57:39, 0.000               ,436.926             ,29.297              ,4191.159            ,3909.000            ,N/A                 ,0.000               
80, 02-05-2020 19:57:40, 0.000               ,436.926             ,28.125              ,4191.159            ,3909.000            ,N/A                 ,0.000               
80, 02-05-2020 19:57:41, 0.000               ,436.926             ,29.688              ,4191.158            ,3909.000            ,N/A                 ,0.000               
80, 02-05-2020 19:57:42, 0.000               ,436.926             ,33.594              ,4191.159            ,3909.000            ,N/A                 ,0.000               
80, 02-05-2020 19:57:43, 0.000               ,436.926             ,38.672              ,4191.159            ,3910.000            ,N/A                 ,0.000               
80, 02-05-2020 19:57:44, 0.000               ,436.926             ,35.547              ,4191.158            ,3910.000            ,N/A                 ,0.000               
80, 02-05-2020 19:57:45, 0.000               ,436.926             ,26.953              ,4191.158            ,3911.000            ,N/A                 ,0.000               
80, 02-05-2020 19:57:46, 0.000               ,436.926             ,7.031               ,3891.790            ,3911.000            ,N/A                 ,0.000               
80, 02-05-2020 19:57:47, 0.000               ,436.926             ,2.734               ,3293.053            ,3911.000            ,N/A                 ,0.000               
80, 02-05-2020 19:57:48, 0.000               ,451.488             ,25.391              ,2794.105            ,3945.000            ,N/A                 ,0.000               
80, 02-05-2020 19:57:49, 5.000               ,463.242             ,38.281              ,4191.158            ,3979.000            ,3519.700            ,2.743               
80, 02-05-2020 19:57:50, 23.000              ,463.242             ,34.375              ,4191.159            ,3978.000            ,2808.300            ,1.185               
80, 02-05-2020 19:57:51, 20.000              ,463.242             ,34.375              ,4191.159            ,3978.000            ,1882.800            ,2.187               
80, 02-05-2020 19:57:52, 16.000              ,463.242             ,34.375              ,4191.158            ,3978.000            ,1960.900            ,1.202               
80, 02-05-2020 19:57:53, 17.000              ,463.242             ,40.234              ,4191.158            ,4002.000            ,1632.900            ,1.761               
80, 02-05-2020 19:57:54, 15.000              ,463.242             ,33.594              ,4191.159            ,4005.000            ,1493.800            ,1.705               
80, 02-05-2020 19:57:55, 15.000              ,463.242             ,32.813              ,4191.158            ,4003.000            ,1361.300            ,2.208               
80, 02-05-2020 19:57:56, 14.000              ,463.242             ,32.422              ,4191.158            ,3993.000            ,1249.300            ,1.690               
80, 02-05-2020 19:57:57, 14.000              ,463.242             ,30.859              ,4191.158            ,3992.000            ,1161.200            ,1.954               
80, 02-05-2020 19:57:58, 13.000              ,463.242             ,31.641              ,4191.158            ,4003.000            ,1076.300            ,1.767               
80, 02-05-2020 19:57:59, 13.000              ,463.242             ,31.250              ,4191.159            ,4006.000            ,986.600             ,1.947               
80, 02-05-2020 19:58:00, 12.000              ,463.242             ,55.469              ,4191.159            ,3996.000            ,847.600             ,2.120               
80, 02-05-2020 19:58:01, 11.000              ,463.242             ,56.250              ,4191.158            ,3994.000            ,785.200             ,4.185               
80, 02-05-2020 19:58:02, 11.000              ,463.242             ,57.813              ,4191.158            ,3995.000            ,688.300             ,6.782               
80, 02-05-2020 19:58:03, 10.000              ,463.242             ,64.844              ,4191.158            ,4006.000            ,623.400             ,3.350               
80, 02-05-2020 19:58:04, 10.000              ,463.242             ,59.375              ,4191.159            ,3997.000            ,625.400             ,2.910               
80, 02-05-2020 19:58:05, 9.000               ,463.242             ,62.891              ,4191.159            ,3997.000            ,567.800             ,3.251               
80, 02-05-2020 19:58:06, 10.000              ,463.242             ,57.813              ,4191.159            ,4007.000            ,603.700             ,2.968               
80, 02-05-2020 19:58:07, 10.000              ,463.242             ,55.859              ,4191.159            ,4008.000            ,575.100             ,5.771               
80, 02-05-2020 19:58:08, 10.000              ,463.242             ,56.641              ,4191.158            ,3997.000            ,556.400             ,2.521               
80, 02-05-2020 19:58:09, 10.000              ,463.242             ,58.984              ,4191.158            ,3999.000            ,532.900             ,5.064               
80, 02-05-2020 19:58:10, 10.000              ,463.242             ,31.641              ,4191.158            ,3997.000            ,541.800             ,3.176               
80, 02-05-2020 19:58:11, 10.000              ,463.242             ,28.906              ,4191.159            ,4002.000            ,527.100             ,2.590               
80, 02-05-2020 19:58:12, 10.000              ,463.242             ,31.250              ,4191.159            ,3997.000            ,505.900             ,3.028               
80, 02-05-2020 19:58:13, 10.000              ,463.242             ,29.297              ,4191.158            ,4007.000            ,489.500             ,2.713               
80, 02-05-2020 19:58:14, 9.000               ,463.242             ,31.250              ,4191.158            ,4010.000            ,471.000             ,6.827               
80, 02-05-2020 19:58:15, 9.000               ,463.242             ,28.906              ,4191.158            ,4010.000            ,457.100             ,3.031               
80, 02-05-2020 19:58:16, 9.000               ,463.242             ,30.078              ,4191.159            ,3999.000            ,442.300             ,3.619               
80, 02-05-2020 19:58:17, 9.000               ,463.242             ,28.906              ,4191.158            ,4000.000            ,426.800             ,3.404               
80, 02-05-2020 19:58:18, 9.000               ,463.242             ,29.297              ,4191.159            ,3999.000            ,415.800             ,3.513               
80, 02-05-2020 19:58:19, 9.000               ,463.242             ,29.688              ,4191.158            ,4007.000            ,405.400             ,3.293               
80, 02-05-2020 19:58:20, 9.000               ,463.242             ,30.078              ,4191.158            ,3999.000            ,389.800             ,3.350               
80, 02-05-2020 19:58:21, 9.000               ,463.242             ,30.078              ,4191.159            ,4005.000            ,380.400             ,3.429               
80, 02-05-2020 19:58:22, 9.000               ,463.242             ,31.250              ,4191.158            ,4009.000            ,371.800             ,3.811               
80, 02-05-2020 19:58:23, 9.000               ,463.242             ,28.125              ,4191.158            ,4013.000            ,360.200             ,4.255               
80, 02-05-2020 19:58:24, 9.000               ,463.242             ,34.375              ,4191.159            ,3999.000            ,346.600             ,4.114               
80, 02-05-2020 19:58:25, 8.000               ,463.242             ,55.469              ,4191.159            ,4000.000            ,324.800             ,4.363               
80, 02-05-2020 19:58:26, 8.000               ,463.242             ,57.031              ,4191.158            ,4014.000            ,314.800             ,4.484               
80, 02-05-2020 19:58:27, 8.000               ,463.242             ,55.078              ,4191.159            ,4013.000            ,310.200             ,4.544               
80, 02-05-2020 19:58:28, 8.000               ,463.242             ,55.469              ,4191.158            ,4001.000            ,302.800             ,5.400               
80, 02-05-2020 19:58:29, 8.000               ,463.242             ,56.250              ,4191.158            ,4011.000            ,295.400             ,4.802               
80, 02-05-2020 19:58:30, 8.000               ,463.242             ,57.422              ,4191.158            ,4014.000            ,289.200             ,4.848               
80, 02-05-2020 19:58:31, 8.000               ,463.242             ,57.813              ,4191.158            ,4013.000            ,283.600             ,4.870               
80, 02-05-2020 19:58:32, 8.000               ,463.242             ,52.344              ,4191.158            ,4002.000            ,278.900             ,4.402               
80, 02-05-2020 19:58:33, 8.000               ,463.242             ,55.078              ,4191.159            ,4002.000            ,271.400             ,6.318               
80, 02-05-2020 19:58:34, 8.000               ,463.242             ,51.172              ,4191.159            ,4012.000            ,266.300             ,5.603               
80, 02-05-2020 19:58:35, 8.000               ,463.242             ,28.516              ,4191.158            ,4011.000            ,272.300             ,4.503               
80, 02-05-2020 19:58:36, 8.000               ,463.242             ,26.953              ,4191.158            ,4002.000            ,268.300             ,4.457               
80, 02-05-2020 19:58:37, 8.000               ,463.242             ,28.906              ,4191.159            ,4012.000            ,262.200             ,5.055               
80, 02-05-2020 19:58:38, 8.000               ,463.242             ,30.078              ,4191.159            ,4014.000            ,258.400             ,4.823               
80, 02-05-2020 19:58:39, 8.000               ,463.242             ,27.344              ,4191.158            ,4014.000            ,254.100             ,5.213               
80, 02-05-2020 19:58:40, 8.000               ,463.242             ,28.906              ,4191.158            ,4015.000            ,249.900             ,5.015               
80, 02-05-2020 19:58:41, 8.000               ,463.242             ,30.078              ,4191.159            ,4015.000            ,242.700             ,4.907               
80, 02-05-2020 19:58:42, 8.000               ,463.242             ,28.125              ,4191.158            ,4003.000            ,239.700             ,4.860               
80, 02-05-2020 19:58:43, 8.000               ,463.242             ,29.688              ,4191.158            ,4006.000            ,235.700             ,5.057               
80, 02-05-2020 19:58:44, 8.000               ,463.242             ,26.953              ,4191.159            ,4003.000            ,233.500             ,5.127               
80, 02-05-2020 19:58:45, 8.000               ,463.242             ,28.516              ,4191.159            ,4013.000            ,227.200             ,5.575               
80, 02-05-2020 19:58:46, 8.000               ,463.242             ,29.688              ,4191.158            ,4004.000            ,224.700             ,5.671               
80, 02-05-2020 19:58:47, 8.000               ,463.242             ,29.688              ,4191.158            ,4013.000            ,220.500             ,5.839               
80, 02-05-2020 19:58:48, 8.000               ,463.242             ,28.516              ,4191.159            ,4013.000            ,216.500             ,5.321               
80, 02-05-2020 19:58:49, 8.000               ,463.242             ,41.797              ,4191.158            ,4014.000            ,210.900             ,5.985               
80, 02-05-2020 19:58:50, 7.000               ,463.242             ,55.859              ,4191.158            ,4005.000            ,201.900             ,6.272               
80, 02-05-2020 19:58:51, 7.000               ,463.242             ,58.203              ,4191.158            ,4006.000            ,198.200             ,9.177               
80, 02-05-2020 19:58:52, 7.000               ,463.242             ,55.469              ,4191.158            ,4005.000            ,196.700             ,6.937               
80, 02-05-2020 19:58:53, 7.000               ,463.242             ,54.297              ,4191.159            ,4016.000            ,193.700             ,8.059               
80, 02-05-2020 19:58:54, 7.000               ,463.242             ,54.688              ,4191.158            ,4005.000            ,190.200             ,9.203               
80, 02-05-2020 19:58:55, 7.000               ,463.242             ,53.906              ,4191.158            ,4017.000            ,188.500             ,7.011               
80, 02-05-2020 19:58:56, 7.000               ,463.242             ,56.641              ,4191.158            ,4017.000            ,185.200             ,6.503               
80, 02-05-2020 19:58:57, 7.000               ,463.242             ,54.688              ,4191.158            ,4019.000            ,183.100             ,6.808               
80, 02-05-2020 19:58:58, 7.000               ,463.242             ,56.250              ,4191.158            ,4006.000            ,179.300             ,8.723               
80, 02-05-2020 19:58:59, 8.000               ,463.242             ,47.266              ,4191.159            ,4006.000            ,180.800             ,6.554               
80, 02-05-2020 19:59:00, 8.000               ,463.242             ,27.344              ,4191.159            ,4006.000            ,182.400             ,6.269               
80, 02-05-2020 19:59:01, 8.000               ,463.242             ,27.344              ,4191.158            ,4018.000            ,180.600             ,6.271               
80, 02-05-2020 19:59:02, 8.000               ,463.242             ,30.078              ,4191.158            ,4007.000            ,177.200             ,6.847               
80, 02-05-2020 19:59:03, 7.000               ,463.242             ,28.516              ,4191.159            ,4015.000            ,176.100             ,6.782               
80, 02-05-2020 19:59:04, 7.000               ,463.242             ,30.859              ,4191.158            ,4015.000            ,173.000             ,6.754               
80, 02-05-2020 19:59:05, 7.000               ,463.242             ,27.734              ,4191.158            ,4015.000            ,170.800             ,6.726               
80, 02-05-2020 19:59:06, 7.000               ,463.242             ,28.516              ,4191.159            ,4001.000            ,169.100             ,7.399               
80, 02-05-2020 19:59:07, 7.000               ,463.242             ,28.125              ,4191.159            ,4010.000            ,166.700             ,6.772               
80, 02-05-2020 19:59:08, 8.000               ,463.242             ,28.906              ,4191.158            ,4014.000            ,165.000             ,6.973               
80, 02-05-2020 19:59:09, 8.000               ,463.242             ,27.734              ,4191.158            ,4014.000            ,162.800             ,7.004               
80, 02-05-2020 19:59:10, 7.000               ,463.242             ,28.906              ,4191.158            ,4002.000            ,161.300             ,6.850               
80, 02-05-2020 19:59:11, 7.000               ,463.242             ,28.906              ,4191.159            ,4009.000            ,159.200             ,7.068               
80, 02-05-2020 19:59:12, 7.000               ,463.242             ,29.688              ,4191.159            ,4013.000            ,157.300             ,7.336               
80, 02-05-2020 19:59:13, 7.000               ,463.242             ,28.516              ,4191.158            ,4013.000            ,155.600             ,7.899               
80, 02-05-2020 19:59:14, 7.000               ,463.242             ,47.656              ,4191.159            ,4004.000            ,150.500             ,7.672               
80, 02-05-2020 19:59:15, 7.000               ,463.242             ,55.859              ,4191.159            ,4004.000            ,146.500             ,9.197               
80, 02-05-2020 19:59:16, 7.000               ,463.242             ,55.859              ,4191.158            ,4015.000            ,145.700             ,7.975               
80, 02-05-2020 19:59:17, 7.000               ,463.242             ,53.906              ,4191.158            ,4017.000            ,143.400             ,10.664              
80, 02-05-2020 19:59:18, 7.000               ,463.242             ,55.078              ,4191.158            ,4005.000            ,142.700             ,8.336               
80, 02-05-2020 19:59:19, 7.000               ,463.242             ,57.031              ,4191.159            ,4016.000            ,140.000             ,9.322               
80, 02-05-2020 19:59:20, 7.000               ,463.242             ,55.469              ,4191.159            ,4018.000            ,138.800             ,10.288              
80, 02-05-2020 19:59:21, 7.000               ,463.242             ,55.859              ,4191.159            ,4006.000            ,137.800             ,9.094               
80, 02-05-2020 19:59:22, 7.000               ,463.242             ,54.688              ,4191.158            ,4006.000            ,136.700             ,10.156              
80, 02-05-2020 19:59:23, 7.000               ,463.242             ,52.734              ,4191.158            ,4016.000            ,135.100             ,9.213               
80, 02-05-2020 19:59:24, 7.000               ,463.242             ,35.547              ,4191.158            ,4014.000            ,136.700             ,10.589              
80, 02-05-2020 19:59:25, 7.000               ,463.242             ,29.297              ,4191.159            ,4004.000            ,137.500             ,8.058               
80, 02-05-2020 19:59:26, 7.000               ,463.242             ,28.906              ,4191.159            ,4003.000            ,136.400             ,8.392               
80, 02-05-2020 19:59:27, 7.000               ,463.242             ,28.125              ,4191.158            ,4011.000            ,135.100             ,8.152               
80, 02-05-2020 19:59:28, 7.000               ,463.242             ,28.516              ,4191.159            ,4012.000            ,133.200             ,9.258               
80, 02-05-2020 19:59:29, 7.000               ,463.242             ,28.516              ,4191.157            ,4005.000            ,131.900             ,8.481               
80, 02-05-2020 19:59:30, 7.000               ,463.242             ,29.297              ,4191.160            ,4004.000            ,130.500             ,9.123               
80, 02-05-2020 19:59:31, 7.000               ,463.242             ,27.344              ,4191.158            ,4005.000            ,129.900             ,8.590               
80, 02-05-2020 19:59:32, 7.000               ,463.242             ,29.297              ,4191.158            ,4006.000            ,127.600             ,8.617               
80, 02-05-2020 19:59:33, 7.000               ,463.242             ,29.297              ,4191.159            ,4002.000            ,127.100             ,8.578               
80, 02-05-2020 19:59:34, 7.000               ,463.242             ,28.906              ,4191.158            ,4009.000            ,125.400             ,9.094               
80, 02-05-2020 19:59:35, 7.000               ,463.242             ,26.563              ,4191.158            ,4009.000            ,125.300             ,8.934               
80, 02-05-2020 19:59:36, 7.000               ,463.242             ,28.125              ,4191.158            ,4012.000            ,123.800             ,9.108               
80, 02-05-2020 19:59:37, 7.000               ,463.242             ,28.516              ,4191.158            ,4003.000            ,122.500             ,10.243              
80, 02-05-2020 19:59:38, 7.000               ,463.242             ,32.813              ,4191.158            ,4003.000            ,120.800             ,9.245               
80, 02-05-2020 19:59:39, 7.000               ,463.242             ,55.859              ,4191.159            ,4003.000            ,116.200             ,11.401              
80, 02-05-2020 19:59:40, 7.000               ,463.242             ,53.906              ,4191.159            ,4016.000            ,116.200             ,10.140              
80, 02-05-2020 19:59:41, 7.000               ,463.242             ,54.688              ,4191.158            ,4005.000            ,113.500             ,12.456              
80, 02-05-2020 19:59:42, 7.000               ,463.242             ,55.469              ,4191.158            ,4014.000            ,113.700             ,10.421              
80, 02-05-2020 19:59:43, 7.000               ,463.242             ,54.297              ,4191.159            ,4014.000            ,112.500             ,11.378              
80, 02-05-2020 19:59:44, 7.000               ,463.242             ,54.297              ,4191.159            ,4016.000            ,112.200             ,10.702              
80, 02-05-2020 19:59:45, 7.000               ,463.242             ,54.688              ,4191.158            ,4006.000            ,109.900             ,12.874              
80, 02-05-2020 19:59:46, 7.000               ,463.242             ,54.297              ,4191.158            ,4007.000            ,110.200             ,11.028              
80, 02-05-2020 19:59:47, 7.000               ,463.242             ,55.859              ,4191.159            ,4006.000            ,108.900             ,11.584              
80, 02-05-2020 19:59:48, 7.000               ,463.242             ,50.781              ,4191.159            ,4015.000            ,108.800             ,10.459              
80, 02-05-2020 19:59:49, 7.000               ,463.242             ,28.516              ,4191.158            ,4006.000            ,110.500             ,9.768               
80, 02-05-2020 19:59:50, 7.000               ,463.242             ,26.953              ,4191.158            ,4011.000            ,110.000             ,10.025              
80, 02-05-2020 19:59:51, 7.000               ,463.242             ,28.906              ,4191.158            ,4006.000            ,109.000             ,10.262              
80, 02-05-2020 19:59:52, 7.000               ,463.242             ,26.563              ,4191.158            ,4004.000            ,108.300             ,10.319              
80, 02-05-2020 19:59:53, 7.000               ,463.242             ,28.125              ,4191.159            ,4010.000            ,106.700             ,11.595              
80, 02-05-2020 19:59:54, 7.000               ,463.242             ,29.297              ,4191.158            ,4009.000            ,106.300             ,10.406              
80, 02-05-2020 19:59:55, 7.000               ,463.242             ,29.297              ,4191.158            ,3998.000            ,105.700             ,10.265              
80, 02-05-2020 19:59:56, 7.000               ,463.242             ,29.688              ,4191.159            ,3998.000            ,105.500             ,10.332              
80, 02-05-2020 19:59:57, 7.000               ,463.242             ,28.516              ,4191.159            ,3998.000            ,104.500             ,10.544              
80, 02-05-2020 19:59:58, 7.000               ,463.242             ,27.734              ,4191.159            ,4008.000            ,103.400             ,11.213              
80, 02-05-2020 19:59:59, 7.000               ,463.242             ,29.688              ,4191.158            ,3999.000            ,102.800             ,10.474              
80, 02-05-2020 20:00:00, 7.000               ,463.242             ,30.078              ,4191.158            ,3999.000            ,101.700             ,10.875              
80, 02-05-2020 20:00:01, 7.000               ,463.242             ,27.344              ,4191.158            ,4005.000            ,101.300             ,10.614              
80, 02-05-2020 20:00:02, 7.000               ,463.242             ,27.734              ,4191.159            ,4011.000            ,100.000             ,10.984              
80, 02-05-2020 20:00:03, 7.000               ,463.242             ,53.125              ,4191.158            ,4001.000            ,98.000              ,11.737              
80, 02-05-2020 20:00:04, 7.000               ,463.242             ,55.078              ,4191.159            ,4001.000            ,95.600              ,11.790              
80, 02-05-2020 20:00:05, 7.000               ,463.242             ,56.250              ,4191.159            ,4003.000            ,94.500              ,15.765              
80, 02-05-2020 20:00:06, 7.000               ,463.242             ,55.859              ,4191.159            ,4003.000            ,94.500              ,11.995              
80, 02-05-2020 20:00:07, 7.000               ,463.242             ,57.031              ,4191.158            ,4001.000            ,93.600              ,13.005              
80, 02-05-2020 20:00:08, 7.000               ,463.242             ,55.078              ,4191.158            ,4013.000            ,93.000              ,12.449              
80, 02-05-2020 20:00:09, 7.000               ,463.242             ,54.688              ,4191.158            ,4014.000            ,92.400              ,13.208              
80, 02-05-2020 20:00:10, 7.000               ,463.242             ,54.297              ,4191.159            ,4016.000            ,91.400              ,13.340              
80, 02-05-2020 20:00:11, 7.000               ,463.242             ,58.203              ,4191.158            ,4005.000            ,90.300              ,13.427              
80, 02-05-2020 20:00:12, 7.000               ,463.242             ,56.250              ,4191.158            ,4005.000            ,89.600              ,14.838              
80, 02-05-2020 20:00:13, 7.000               ,463.242             ,55.078              ,4191.159            ,4004.000            ,89.400              ,14.400              
80, 02-05-2020 20:00:14, 7.000               ,463.242             ,52.344              ,4191.158            ,4015.000            ,89.400              ,12.350              
80, 02-05-2020 20:00:15, 7.000               ,463.242             ,55.469              ,4191.158            ,4005.000            ,88.800              ,13.372              
80, 02-05-2020 20:00:16, 7.000               ,463.242             ,57.813              ,4191.158            ,4017.000            ,87.700              ,13.972              
80, 02-05-2020 20:00:17, 7.000               ,463.242             ,55.469              ,4191.157            ,4017.000            ,87.300              ,13.134              
80, 02-05-2020 20:00:18, 7.000               ,463.242             ,55.469              ,4191.157            ,4015.000            ,86.800              ,15.121              
80, 02-05-2020 20:00:19, 7.000               ,463.242             ,57.031              ,4191.159            ,4006.000            ,86.200              ,13.226              
80, 02-05-2020 20:00:20, 7.000               ,463.242             ,53.516              ,4191.159            ,4006.000            ,85.800              ,13.155              
80, 02-05-2020 20:00:21, 7.000               ,463.242             ,54.688              ,4191.158            ,4006.000            ,85.100              ,15.156              
80, 02-05-2020 20:00:22, 7.000               ,463.242             ,55.469              ,4191.158            ,4016.000            ,84.800              ,13.216              
80, 02-05-2020 20:00:23, 7.000               ,463.242             ,45.313              ,4191.158            ,4008.000            ,84.700              ,13.092              
80, 02-05-2020 20:00:24, 7.000               ,463.242             ,30.859              ,4191.159            ,4014.000            ,86.300              ,12.468              
80, 02-05-2020 20:00:25, 7.000               ,463.242             ,30.859              ,4191.159            ,4019.000            ,85.600              ,12.775              
80, 02-05-2020 20:00:26, 7.000               ,463.242             ,28.516              ,4191.159            ,4019.000            ,85.100              ,12.807              
80, 02-05-2020 20:00:27, 7.000               ,463.242             ,28.516              ,4191.159            ,4010.000            ,84.500              ,13.468              
80, 02-05-2020 20:00:28, 7.000               ,463.242             ,28.906              ,4191.159            ,4010.000            ,83.900              ,13.156              
80, 02-05-2020 20:00:29, 7.000               ,463.242             ,29.297              ,4191.159            ,4017.000            ,83.500              ,12.776              
80, 02-05-2020 20:00:30, 7.000               ,463.242             ,28.906              ,4191.157            ,4017.000            ,83.000              ,13.248              
80, 02-05-2020 20:00:31, 7.000               ,463.242             ,28.516              ,4191.157            ,4010.000            ,82.800              ,13.171              
80, 02-05-2020 20:00:32, 7.000               ,463.242             ,30.078              ,4191.159            ,4020.000            ,82.100              ,13.712              
80, 02-05-2020 20:00:33, 7.000               ,463.242             ,30.469              ,4191.159            ,4021.000            ,81.700              ,14.213              
80, 02-05-2020 20:00:34, 7.000               ,463.242             ,29.297              ,4191.159            ,4021.000            ,81.100              ,13.134              
80, 02-05-2020 20:00:35, 7.000               ,463.242             ,28.516              ,4191.158            ,4010.000            ,80.800              ,13.299              
80, 02-05-2020 20:00:36, 7.000               ,463.242             ,30.078              ,4191.159            ,4009.000            ,79.900              ,13.338              
80, 02-05-2020 20:00:37, 7.000               ,463.242             ,28.125              ,4191.159            ,4018.000            ,79.900              ,13.805              
80, 02-05-2020 20:00:38, 7.000               ,463.242             ,46.484              ,4191.158            ,4018.000            ,77.600              ,14.407              
80, 02-05-2020 20:00:39, 7.000               ,463.242             ,59.766              ,4191.158            ,4010.000            ,74.800              ,15.497              
80, 02-05-2020 20:00:40, 7.000               ,463.242             ,63.672              ,4191.158            ,4036.000            ,67.600              ,21.961              
80, 02-05-2020 20:00:41, 9.000               ,463.242             ,68.359              ,4191.158            ,4038.000            ,67.900              ,18.419              
80, 02-05-2020 20:00:42, 9.000               ,463.242             ,58.984              ,4191.159            ,4033.000            ,75.300              ,14.826              
80, 02-05-2020 20:00:43, 9.000               ,463.242             ,55.859              ,4191.158            ,4035.000            ,74.400              ,21.778              
80, 02-05-2020 20:00:44, 9.000               ,463.242             ,57.422              ,4191.158            ,4035.000            ,74.300              ,16.016              
80, 02-05-2020 20:00:45, 9.000               ,463.242             ,57.813              ,4191.158            ,4041.000            ,73.700              ,16.893              
80, 02-05-2020 20:00:46, 9.000               ,463.242             ,57.813              ,4191.160            ,4028.000            ,74.300              ,14.389              
80, 02-05-2020 20:00:47, 9.000               ,463.242             ,56.250              ,4191.158            ,4028.000            ,73.000              ,15.983              
80, 02-05-2020 20:00:48, 9.000               ,463.242             ,56.250              ,4191.158            ,4036.000            ,72.700              ,15.003              
80, 02-05-2020 20:00:49, 9.000               ,463.242             ,60.547              ,4191.158            ,4029.000            ,72.300              ,17.071              
80, 02-05-2020 20:00:50, 9.000               ,463.242             ,61.719              ,4191.159            ,4030.000            ,71.800              ,16.984              
80, 02-05-2020 20:00:51, 9.000               ,463.242             ,55.859              ,4191.158            ,4030.000            ,71.800              ,15.344              
80, 02-05-2020 20:00:52, 9.000               ,463.242             ,57.813              ,4191.159            ,4030.000            ,71.200              ,15.826              
80, 02-05-2020 20:00:53, 9.000               ,463.242             ,58.984              ,4191.159            ,4039.000            ,71.200              ,15.699              
80, 02-05-2020 20:00:54, 9.000               ,463.242             ,58.203              ,4191.158            ,4031.000            ,70.500              ,16.051              
80, 02-05-2020 20:00:55, 9.000               ,463.242             ,59.375              ,4191.158            ,4031.000            ,70.200              ,15.535              
80, 02-05-2020 20:00:56, 9.000               ,463.242             ,55.469              ,4191.158            ,4039.000            ,70.100              ,16.783              
80, 02-05-2020 20:00:57, 9.000               ,463.242             ,58.984              ,4191.158            ,4042.000            ,69.200              ,16.556              
80, 02-05-2020 20:00:58, 9.000               ,463.242             ,39.063              ,4191.158            ,4032.000            ,70.600              ,15.200              
80, 02-05-2020 20:00:59, 9.000               ,463.242             ,32.031              ,4191.158            ,4032.000            ,70.500              ,15.011              
80, 02-05-2020 20:01:00, 9.000               ,463.242             ,29.297              ,4191.152            ,4032.000            ,70.200              ,15.765              
80, 02-05-2020 20:01:01, 9.000               ,463.242             ,33.203              ,4191.152            ,4042.000            ,69.700              ,15.704              
80, 02-05-2020 20:01:02, 9.000               ,463.242             ,38.672              ,4191.161            ,3965.000            ,69.300              ,15.645              
80, 02-05-2020 20:01:03, 9.000               ,463.242             ,32.031              ,4191.160            ,3967.000            ,69.200              ,16.492              
80, 02-05-2020 20:01:04, 9.000               ,463.242             ,30.469              ,4191.160            ,3966.000            ,68.600              ,15.836              
80, 02-05-2020 20:01:05, 9.000               ,463.242             ,32.031              ,4191.158            ,3966.000            ,68.300              ,16.721              
80, 02-05-2020 20:01:06, 9.000               ,463.242             ,31.250              ,4191.158            ,3961.000            ,68.100              ,17.362              
80, 02-05-2020 20:01:07, 9.000               ,463.242             ,32.422              ,4191.158            ,3962.000            ,67.900              ,15.658              
80, 02-05-2020 20:01:08, 9.000               ,463.242             ,30.469              ,4191.159            ,3961.000            ,67.200              ,15.884              
80, 02-05-2020 20:01:09, 9.000               ,463.242             ,30.078              ,4191.159            ,3972.000            ,67.300              ,15.669              
80, 02-05-2020 20:01:10, 9.000               ,463.242             ,33.203              ,4191.158            ,3963.000            ,66.600              ,16.397              
80, 02-05-2020 20:01:11, 9.000               ,463.242             ,30.859              ,4191.158            ,3969.000            ,66.600              ,16.356              
80, 02-05-2020 20:01:12, 9.000               ,463.242             ,41.406              ,4191.159            ,3970.000            ,65.600              ,16.461              
80, 02-05-2020 20:01:13, 9.000               ,463.242             ,57.031              ,4191.159            ,3972.000            ,64.400              ,16.815              
80, 02-05-2020 20:01:14, 9.000               ,463.242             ,59.766              ,4191.158            ,3963.000            ,64.100              ,17.201              
80, 02-05-2020 20:01:15, 9.000               ,463.242             ,57.422              ,4191.158            ,3964.000            ,63.700              ,18.102              
80, 02-05-2020 20:01:16, 9.000               ,463.242             ,57.813              ,4191.159            ,3963.000            ,63.500              ,17.602              
80, 02-05-2020 20:01:17, 9.000               ,463.242             ,58.984              ,4191.158            ,3975.000            ,63.300              ,17.601              
80, 02-05-2020 20:01:18, 9.000               ,463.242             ,58.594              ,4191.158            ,3964.000            ,62.700              ,17.843              
80, 02-05-2020 20:01:19, 9.000               ,463.242             ,58.594              ,4191.158            ,3973.000            ,62.800              ,16.797              
80, 02-05-2020 20:01:20, 9.000               ,463.242             ,55.859              ,4191.158            ,3974.000            ,62.000              ,17.425              
80, 02-05-2020 20:01:21, 9.000               ,463.242             ,56.641              ,4191.159            ,3976.000            ,62.400              ,17.161              
80, 02-05-2020 20:01:22, 9.000               ,463.242             ,52.734              ,4191.159            ,3966.000            ,62.100              ,17.969              
80, 02-05-2020 20:01:23, 9.000               ,463.242             ,31.250              ,4191.159            ,3966.000            ,62.900              ,16.734              
80, 02-05-2020 20:01:24, 9.000               ,463.242             ,30.859              ,4191.158            ,3974.000            ,62.600              ,16.853              
80, 02-05-2020 20:01:25, 9.000               ,463.242             ,31.641              ,4191.159            ,3974.000            ,62.200              ,17.324              
80, 02-05-2020 20:01:26, 9.000               ,463.242             ,30.469              ,4191.159            ,3966.000            ,62.000              ,17.624              
80, 02-05-2020 20:01:27, 9.000               ,463.242             ,32.422              ,4191.158            ,3974.000            ,61.500              ,17.324              
80, 02-05-2020 20:01:28, 9.000               ,463.242             ,31.250              ,4191.158            ,3977.000            ,61.400              ,17.060              
80, 02-05-2020 20:01:29, 9.000               ,463.242             ,30.078              ,4191.158            ,3977.000            ,61.000              ,17.959              
80, 02-05-2020 20:01:30, 9.000               ,463.242             ,31.641              ,4191.159            ,3968.000            ,61.000              ,17.431              
80, 02-05-2020 20:01:31, 9.000               ,463.242             ,32.422              ,4191.158            ,3967.000            ,60.200              ,18.114              
80, 02-05-2020 20:01:32, 10.000              ,463.242             ,30.859              ,4191.158            ,3973.000            ,60.500              ,17.526              
80, 02-05-2020 20:01:33, 9.000               ,463.242             ,32.031              ,4191.159            ,3970.000            ,60.100              ,17.405              
80, 02-05-2020 20:01:34, 9.000               ,463.242             ,30.469              ,4191.159            ,3961.000            ,59.800              ,17.644              
80, 02-05-2020 20:01:35, 9.000               ,463.242             ,30.469              ,4191.158            ,3970.000            ,59.700              ,17.548              
80, 02-05-2020 20:01:36, 9.000               ,463.242             ,29.688              ,4191.158            ,3971.000            ,59.300              ,17.638              
80, 02-05-2020 20:01:37, 9.000               ,463.242             ,41.797              ,4191.158            ,3972.000            ,58.500              ,18.179              
80, 02-05-2020 20:01:38, 9.000               ,463.242             ,55.859              ,4191.159            ,3962.000            ,57.700              ,18.013              
80, 02-05-2020 20:01:39, 9.000               ,463.242             ,58.203              ,4191.157            ,3963.000            ,57.300              ,18.981              
80, 02-05-2020 20:01:40, 9.000               ,463.242             ,59.375              ,4191.157            ,3970.000            ,57.200              ,19.259              
80, 02-05-2020 20:01:41, 9.000               ,463.242             ,58.984              ,4191.158            ,3959.000            ,56.700              ,18.678              
80, 02-05-2020 20:01:42, 9.000               ,463.242             ,58.594              ,4191.159            ,3964.000            ,56.500              ,23.337              
80, 02-05-2020 20:01:43, 9.000               ,463.242             ,57.813              ,4191.159            ,3971.000            ,56.400              ,19.364              
80, 02-05-2020 20:01:44, 8.000               ,463.242             ,58.594              ,4191.155            ,3973.000            ,55.600              ,20.722              
80, 02-05-2020 20:01:45, 9.000               ,463.242             ,60.938              ,4191.155            ,3958.000            ,55.600              ,19.788              
80, 02-05-2020 20:01:46, 9.000               ,463.242             ,57.813              ,4191.160            ,3958.000            ,55.300              ,20.486              
80, 02-05-2020 20:01:47, 8.000               ,463.242             ,47.656              ,4191.158            ,3959.000            ,55.800              ,19.493              
80, 02-05-2020 20:01:48, 9.000               ,463.242             ,31.641              ,4191.160            ,3971.000            ,56.500              ,18.345              
80, 02-05-2020 20:01:49, 9.000               ,463.242             ,31.641              ,4191.157            ,3959.000            ,56.200              ,18.798              
80, 02-05-2020 20:01:50, 9.000               ,463.242             ,30.078              ,4191.157            ,3959.000            ,56.200              ,19.083              
80, 02-05-2020 20:01:51, 9.000               ,463.242             ,29.688              ,4191.158            ,3965.000            ,56.100              ,19.146              
80, 02-05-2020 20:01:52, 9.000               ,463.242             ,32.031              ,4191.160            ,3969.000            ,55.400              ,18.656              
80, 02-05-2020 20:01:53, 9.000               ,463.242             ,32.031              ,4191.160            ,3953.000            ,55.400              ,19.633              
80, 02-05-2020 20:01:54, 9.000               ,463.242             ,30.469              ,4191.157            ,3951.000            ,55.000              ,19.243              
80, 02-05-2020 20:01:55, 9.000               ,463.242             ,30.859              ,4191.160            ,3954.000            ,55.100              ,19.619              
80, 02-05-2020 20:01:56, 9.000               ,463.242             ,30.469              ,4191.160            ,3951.000            ,54.700              ,19.266              
80, 02-05-2020 20:01:57, 9.000               ,463.242             ,30.469              ,4191.158            ,3951.000            ,54.500              ,19.661              
80, 02-05-2020 20:01:58, 8.000               ,463.242             ,31.641              ,4191.159            ,3951.000            ,54.400              ,19.777              
80, 02-05-2020 20:01:59, 8.000               ,463.242             ,29.297              ,4191.159            ,3955.000            ,54.000              ,19.809              
80, 02-05-2020 20:02:00, 9.000               ,463.242             ,31.250              ,4191.158            ,3952.000            ,53.500              ,20.111              
80, 02-05-2020 20:02:01, 8.000               ,463.242             ,30.469              ,4191.158            ,3960.000            ,53.700              ,19.403              
80, 02-05-2020 20:02:02, 8.000               ,463.242             ,44.531              ,4191.159            ,3966.000            ,52.700              ,20.808              
80, 02-05-2020 20:02:03, 8.000               ,463.242             ,58.594              ,4191.158            ,3965.000            ,52.100              ,20.419              
80, 02-05-2020 20:02:04, 8.000               ,463.242             ,59.766              ,4191.158            ,3953.000            ,51.800              ,20.996              
80, 02-05-2020 20:02:05, 8.000               ,463.242             ,59.375              ,4191.158            ,3955.000            ,51.700              ,20.699              
80, 02-05-2020 20:02:06, 8.000               ,463.242             ,56.250              ,4191.159            ,3969.000            ,51.600              ,21.612              
80, 02-05-2020 20:02:07, 8.000               ,463.242             ,56.250              ,4191.158            ,3969.000            ,51.400              ,21.110              
80, 02-05-2020 20:02:08, 8.000               ,463.242             ,57.031              ,4191.158            ,3956.000            ,51.600              ,20.682              
80, 02-05-2020 20:02:09, 8.000               ,463.242             ,57.422              ,4191.158            ,3966.000            ,50.700              ,21.703              
80, 02-05-2020 20:02:10, 8.000               ,463.242             ,57.422              ,4191.158            ,3968.000            ,50.800              ,20.663              
80, 02-05-2020 20:02:11, 8.000               ,463.242             ,55.859              ,4191.159            ,3968.000            ,50.600              ,21.187              
80, 02-05-2020 20:02:12, 8.000               ,463.242             ,46.094              ,4191.159            ,3957.000            ,51.200              ,20.492              
80, 02-05-2020 20:02:13, 8.000               ,463.242             ,32.422              ,4191.158            ,3957.000            ,51.200              ,20.299              
80, 02-05-2020 20:02:14, 8.000               ,463.242             ,30.469              ,4191.158            ,3965.000            ,51.200              ,20.221              
80, 02-05-2020 20:02:15, 8.000               ,463.242             ,30.859              ,4191.158            ,3965.000            ,51.100              ,20.609              
80, 02-05-2020 20:02:16, 8.000               ,463.242             ,29.688              ,4191.158            ,3957.000            ,50.900              ,20.510              
80, 02-05-2020 20:02:17, 8.000               ,463.242             ,30.859              ,4191.158            ,3970.000            ,50.500              ,20.539              
80, 02-05-2020 20:02:18, 8.000               ,463.242             ,30.469              ,4191.159            ,3971.000            ,50.600              ,21.009              
80, 02-05-2020 20:02:19, 8.000               ,463.242             ,30.859              ,4191.158            ,3959.000            ,50.200              ,20.661              
80, 02-05-2020 20:02:20, 8.000               ,463.242             ,29.688              ,4191.158            ,3959.000            ,50.300              ,20.740              
80, 02-05-2020 20:02:21, 8.000               ,463.242             ,32.031              ,4191.158            ,3959.000            ,50.000              ,20.797              
80, 02-05-2020 20:02:22, 8.000               ,463.242             ,31.250              ,4191.158            ,3969.000            ,49.600              ,21.463              
80, 02-05-2020 20:02:23, 8.000               ,463.242             ,30.078              ,4191.159            ,3962.000            ,49.500              ,20.835              
80, 02-05-2020 20:02:24, 8.000               ,463.242             ,29.688              ,4191.158            ,3960.000            ,49.200              ,21.825              
80, 02-05-2020 20:02:25, 8.000               ,463.242             ,30.078              ,4191.158            ,3965.000            ,49.200              ,21.642              
80, 02-05-2020 20:02:26, 8.000               ,463.242             ,30.078              ,4191.159            ,3970.000            ,48.900              ,21.250              
80, 02-05-2020 20:02:27, 8.000               ,463.242             ,50.000              ,4191.153            ,3963.000            ,48.000              ,22.933              
80, 02-05-2020 20:02:28, 8.000               ,463.242             ,58.203              ,4191.153            ,3962.000            ,47.500              ,22.693              
80, 02-05-2020 20:02:29, 8.000               ,463.242             ,55.859              ,4191.160            ,3962.000            ,47.000              ,30.616              
80, 02-05-2020 20:02:30, 8.000               ,463.242             ,58.984              ,4191.157            ,3974.000            ,47.000              ,22.682              
80, 02-05-2020 20:02:31, 8.000               ,463.242             ,57.422              ,4191.157            ,3964.000            ,47.300              ,21.956              
80, 02-05-2020 20:02:32, 8.000               ,463.242             ,55.078              ,4191.159            ,3964.000            ,46.900              ,23.818              
80, 02-05-2020 20:02:33, 8.000               ,463.242             ,58.984              ,4191.159            ,3974.000            ,46.800              ,22.648              
80, 02-05-2020 20:02:34, 8.000               ,463.242             ,58.594              ,4191.158            ,3977.000            ,46.500              ,23.045              
80, 02-05-2020 20:02:35, 8.000               ,463.242             ,57.422              ,4191.160            ,3966.000            ,46.800              ,22.971              
80, 02-05-2020 20:02:36, 8.000               ,463.242             ,58.594              ,4191.158            ,3965.000            ,46.300              ,23.825              
80, 02-05-2020 20:02:37, 8.000               ,463.242             ,41.016              ,4191.158            ,3965.000            ,46.600              ,24.182              
80, 02-05-2020 20:02:38, 8.000               ,463.242             ,30.469              ,4191.159            ,3973.000            ,47.000              ,22.510              
80, 02-05-2020 20:02:39, 8.000               ,463.242             ,30.078              ,4191.159            ,3965.000            ,46.900              ,23.172              
80, 02-05-2020 20:02:40, 8.000               ,463.242             ,30.078              ,4191.158            ,3972.000            ,46.800              ,22.196              
80, 02-05-2020 20:02:41, 8.000               ,463.242             ,28.516              ,4191.158            ,3972.000            ,46.800              ,22.398              
80, 02-05-2020 20:02:42, 8.000               ,463.242             ,30.078              ,4191.159            ,3974.000            ,46.500              ,22.198              
80, 02-05-2020 20:02:43, 8.000               ,463.242             ,33.594              ,4191.158            ,3967.000            ,46.400              ,22.293              
80, 02-05-2020 20:02:44, 8.000               ,463.242             ,31.641              ,4191.158            ,3967.000            ,46.100              ,22.836              
80, 02-05-2020 20:02:45, 8.000               ,463.242             ,28.516              ,4191.158            ,3967.000            ,45.700              ,23.026              
80, 02-05-2020 20:02:46, 8.000               ,463.242             ,28.516              ,4191.158            ,3973.000            ,45.800              ,22.534              
80, 02-05-2020 20:02:47, 8.000               ,463.242             ,30.469              ,4191.158            ,3967.000            ,45.700              ,22.866              
80, 02-05-2020 20:02:48, 8.000               ,463.242             ,31.250              ,4191.158            ,3975.000            ,45.400              ,23.341              
80, 02-05-2020 20:02:49, 8.000               ,463.242             ,30.078              ,4191.159            ,3975.000            ,45.500              ,22.857              
80, 02-05-2020 20:02:50, 8.000               ,463.242             ,31.250              ,4191.159            ,3978.000            ,45.200              ,22.758              
80, 02-05-2020 20:02:51, 8.000               ,463.242             ,29.688              ,4191.159            ,3969.000            ,45.000              ,23.297              
80, 02-05-2020 20:02:52, 8.000               ,463.242             ,55.078              ,4191.156            ,3969.000            ,44.200              ,24.096              
80, 02-05-2020 20:02:53, 8.000               ,463.242             ,58.594              ,4191.161            ,3969.000            ,43.900              ,24.103              
80, 02-05-2020 20:02:54, 8.000               ,463.242             ,57.813              ,4191.158            ,3978.000            ,43.900              ,24.551              
80, 02-05-2020 20:02:55, 8.000               ,463.242             ,57.422              ,4191.158            ,3969.000            ,43.700              ,24.490              
80, 02-05-2020 20:02:56, 8.000               ,463.242             ,55.469              ,4191.159            ,3979.000            ,43.600              ,24.104              
80, 02-05-2020 20:02:57, 8.000               ,463.242             ,58.203              ,4191.159            ,3982.000            ,43.600              ,24.066              
80, 02-05-2020 20:02:58, 8.000               ,463.242             ,56.250              ,4191.159            ,3981.000            ,43.400              ,24.755              
80, 02-05-2020 20:02:59, 8.000               ,463.242             ,56.641              ,4191.159            ,3970.000            ,43.100              ,24.174              
80, 02-05-2020 20:03:00, 8.000               ,463.242             ,60.156              ,4191.158            ,3971.000            ,42.600              ,26.254              
80, 02-05-2020 20:03:01, 8.000               ,463.242             ,57.813              ,4191.158            ,3980.000            ,42.700              ,25.060              
80, 02-05-2020 20:03:02, 8.000               ,463.242             ,33.984              ,4191.159            ,3979.000            ,43.300              ,26.313              
80, 02-05-2020 20:03:03, 8.000               ,463.242             ,28.906              ,4191.159            ,3970.000            ,43.600              ,23.820              
80, 02-05-2020 20:03:04, 8.000               ,463.242             ,32.422              ,4191.158            ,3979.000            ,43.000              ,24.435              
80, 02-05-2020 20:03:05, 8.000               ,463.242             ,30.469              ,4191.158            ,3984.000            ,43.000              ,26.021              
80, 02-05-2020 20:03:06, 8.000               ,463.242             ,30.469              ,4191.158            ,3979.000            ,43.300              ,24.406              
80, 02-05-2020 20:03:07, 8.000               ,463.242             ,30.078              ,4191.158            ,3967.000            ,42.900              ,25.005              
80, 02-05-2020 20:03:08, 8.000               ,463.242             ,29.297              ,4191.158            ,3972.000            ,42.700              ,25.167              
80, 02-05-2020 20:03:09, 8.000               ,463.242             ,30.469              ,4191.159            ,3977.000            ,42.500              ,24.159              
80, 02-05-2020 20:03:10, 8.000               ,463.242             ,30.469              ,4191.159            ,3979.000            ,42.600              ,24.262              
80, 02-05-2020 20:03:11, 8.000               ,463.242             ,29.297              ,4191.158            ,3968.000            ,42.500              ,24.286              
80, 02-05-2020 20:03:12, 8.000               ,463.242             ,29.297              ,4191.158            ,3971.000            ,42.300              ,24.572              
80, 02-05-2020 20:03:13, 8.000               ,463.242             ,29.297              ,4191.158            ,3974.000            ,42.100              ,24.653              
80, 02-05-2020 20:03:14, 8.000               ,463.242             ,29.297              ,4191.159            ,3976.000            ,42.000              ,24.563              
80, 02-05-2020 20:03:15, 8.000               ,463.242             ,28.125              ,4191.159            ,3968.000            ,41.900              ,25.020              
80, 02-05-2020 20:03:16, 8.000               ,463.242             ,34.375              ,4191.158            ,3974.000            ,41.800              ,24.838              
80, 02-05-2020 20:03:17, 8.000               ,463.242             ,56.250              ,4191.158            ,3983.000            ,41.000              ,26.124              
80, 02-05-2020 20:03:18, 8.000               ,463.242             ,57.031              ,4191.158            ,3982.000            ,40.700              ,26.251              
80, 02-05-2020 20:03:19, 8.000               ,463.242             ,55.859              ,4191.159            ,3982.000            ,40.600              ,26.065              
80, 02-05-2020 20:03:20, 8.000               ,463.242             ,57.422              ,4191.157            ,3982.000            ,40.500              ,25.422              
80, 02-05-2020 20:03:21, 7.000               ,463.242             ,57.813              ,4191.157            ,3982.000            ,40.100              ,27.018              
80, 02-05-2020 20:03:22, 8.000               ,463.242             ,56.641              ,4191.159            ,3982.000            ,40.400              ,26.337              
80, 02-05-2020 20:03:23, 7.000               ,463.242             ,55.859              ,4191.159            ,3982.000            ,40.100              ,26.415              
80, 02-05-2020 20:03:24, 7.000               ,463.242             ,55.469              ,4191.158            ,3972.000            ,40.100              ,25.911              
80, 02-05-2020 20:03:25, 8.000               ,463.242             ,60.156              ,4191.158            ,3988.000            ,39.700              ,26.908              
80, 02-05-2020 20:03:26, 7.000               ,463.242             ,53.906              ,4191.158            ,3988.000            ,39.700              ,26.944              
80, 02-05-2020 20:03:27, 8.000               ,463.242             ,31.250              ,4191.158            ,3988.000            ,40.500              ,25.411              
80, 02-05-2020 20:03:28, 8.000               ,463.242             ,28.516              ,4191.159            ,3975.000            ,40.500              ,25.482              
80, 02-05-2020 20:03:29, 8.000               ,463.242             ,28.516              ,4191.158            ,3975.000            ,40.200              ,25.602              
80, 02-05-2020 20:03:30, 8.000               ,463.242             ,30.469              ,4191.158            ,3983.000            ,40.100              ,25.786              
80, 02-05-2020 20:03:31, 8.000               ,463.242             ,29.688              ,4191.159            ,3984.000            ,40.100              ,26.528              
80, 02-05-2020 20:03:32, 8.000               ,463.242             ,32.422              ,4191.159            ,3976.000            ,39.900              ,25.796              
80, 02-05-2020 20:03:33, 8.000               ,463.242             ,31.641              ,4191.158            ,3981.000            ,39.500              ,27.892              
80, 02-05-2020 20:03:34, 8.000               ,463.242             ,30.078              ,4191.158            ,3980.000            ,39.600              ,25.963              
80, 02-05-2020 20:03:35, 8.000               ,463.242             ,30.469              ,4191.158            ,3974.000            ,39.500              ,26.148              
80, 02-05-2020 20:03:36, 8.000               ,463.242             ,29.688              ,4191.158            ,3974.000            ,39.500              ,26.206              
80, 02-05-2020 20:03:37, 8.000               ,463.242             ,29.688              ,4191.159            ,3974.000            ,39.500              ,26.316              
80, 02-05-2020 20:03:38, 7.000               ,463.242             ,30.078              ,4191.153            ,3980.000            ,39.200              ,26.616              
80, 02-05-2020 20:03:39, 8.000               ,463.242             ,30.078              ,4191.153            ,3975.000            ,39.200              ,26.544              
80, 02-05-2020 20:03:40, 8.000               ,463.242             ,29.688              ,4191.157            ,3974.000            ,39.100              ,26.392              
80, 02-05-2020 20:03:41, 8.000               ,463.242             ,39.063              ,4191.157            ,3982.000            ,38.700              ,27.686              
80, 02-05-2020 20:03:42, 7.000               ,463.242             ,56.250              ,4191.163            ,3988.000            ,37.800              ,28.118              
80, 02-05-2020 20:03:43, 7.000               ,463.242             ,58.984              ,4191.163            ,3977.000            ,37.900              ,28.550              
80, 02-05-2020 20:03:44, 8.000               ,463.242             ,55.859              ,4191.159            ,3976.000            ,37.700              ,27.726              
80, 02-05-2020 20:03:45, 7.000               ,463.242             ,55.469              ,4191.159            ,3976.000            ,37.700              ,28.062              
80, 02-05-2020 20:03:46, 7.000               ,463.242             ,57.031              ,4191.158            ,3986.000            ,37.500              ,29.321              
80, 02-05-2020 20:03:47, 7.000               ,463.242             ,55.469              ,4191.158            ,3977.000            ,37.400              ,27.746              
80, 02-05-2020 20:03:48, 7.000               ,463.242             ,58.984              ,4191.158            ,3977.000            ,37.400              ,27.675              
80, 02-05-2020 20:03:49, 7.000               ,463.242             ,57.031              ,4191.158            ,3988.000            ,37.300              ,28.150              
80, 02-05-2020 20:03:50, 7.000               ,463.242             ,56.250              ,4191.159            ,3989.000            ,37.200              ,28.316              
80, 02-05-2020 20:03:51, 7.000               ,463.242             ,49.609              ,4191.158            ,3979.000            ,37.400              ,27.875              
80, 02-05-2020 20:03:52, 7.000               ,463.242             ,30.469              ,4191.158            ,3979.000            ,37.800              ,27.467              
80, 02-05-2020 20:03:53, 8.000               ,463.242             ,28.906              ,4191.158            ,3978.000            ,37.600              ,27.159              
80, 02-05-2020 20:03:54, 8.000               ,463.242             ,29.688              ,4191.158            ,3983.000            ,37.500              ,27.364              
80, 02-05-2020 20:03:55, 7.000               ,463.242             ,33.594              ,4191.159            ,3979.000            ,37.300              ,28.138              
80, 02-05-2020 20:03:56, 8.000               ,463.242             ,30.078              ,4191.158            ,3990.000            ,37.400              ,27.550              
80, 02-05-2020 20:03:57, 8.000               ,463.242             ,28.906              ,4191.158            ,3990.000            ,37.200              ,27.531              
80, 02-05-2020 20:03:58, 7.000               ,463.242             ,27.734              ,4191.158            ,3992.000            ,37.200              ,27.827              
80, 02-05-2020 20:03:59, 7.000               ,463.242             ,29.297              ,4191.159            ,3982.000            ,37.000              ,28.145              
80, 02-05-2020 20:04:00, 8.000               ,463.242             ,31.250              ,4191.158            ,3990.000            ,36.900              ,28.955              
80, 02-05-2020 20:04:01, 7.000               ,463.242             ,30.078              ,4191.158            ,3989.000            ,36.900              ,27.818              
80, 02-05-2020 20:04:02, 7.000               ,463.242             ,31.641              ,4191.157            ,3993.000            ,36.700              ,28.553              
80, 02-05-2020 20:04:03, 7.000               ,463.242             ,30.078              ,4191.157            ,3983.000            ,36.600              ,29.198              
80, 02-05-2020 20:04:04, 7.000               ,463.242             ,31.641              ,4191.159            ,3988.000            ,36.600              ,28.363              
80, 02-05-2020 20:04:05, 7.000               ,463.242             ,30.078              ,4191.158            ,3988.000            ,36.400              ,28.405              
80, 02-05-2020 20:04:06, 8.000               ,463.242             ,45.313              ,4191.158            ,3992.000            ,36.100              ,28.464              
80, 02-05-2020 20:04:07, 7.000               ,463.242             ,56.641              ,4191.159            ,3984.000            ,35.500              ,29.438              
80, 02-05-2020 20:04:08, 7.000               ,463.242             ,56.250              ,4191.159            ,3984.000            ,35.500              ,29.313              
80, 02-05-2020 20:04:09, 7.000               ,463.242             ,55.469              ,4191.158            ,3995.000            ,35.300              ,30.059              
80, 02-05-2020 20:04:10, 7.000               ,463.242             ,58.203              ,4191.158            ,3995.000            ,35.300              ,29.212              
80, 02-05-2020 20:04:11, 7.000               ,463.242             ,57.422              ,4191.159            ,3985.000            ,35.200              ,30.860              
80, 02-05-2020 20:04:12, 7.000               ,463.242             ,57.813              ,4191.157            ,3995.000            ,34.800              ,31.255              
80, 02-05-2020 20:04:13, 7.000               ,463.242             ,58.203              ,4191.159            ,3998.000            ,34.600              ,30.216              
80, 02-05-2020 20:04:14, 7.000               ,463.242             ,56.250              ,4191.159            ,3998.000            ,34.800              ,31.133              
80, 02-05-2020 20:04:15, 7.000               ,463.242             ,58.203              ,4191.159            ,3986.000            ,34.900              ,30.681              
80, 02-05-2020 20:04:16, 7.000               ,463.242             ,42.969              ,4191.158            ,3990.000            ,35.000              ,32.426              
80, 02-05-2020 20:04:17, 7.000               ,463.242             ,28.906              ,4191.158            ,3993.000            ,35.500              ,29.101              
80, 02-05-2020 20:04:18, 7.000               ,463.242             ,31.250              ,4191.159            ,3992.000            ,35.400              ,29.082              
80, 02-05-2020 20:04:19, 7.000               ,463.242             ,28.906              ,4191.159            ,3986.000            ,35.300              ,29.082              
80, 02-05-2020 20:04:20, 7.000               ,463.242             ,30.078              ,4191.158            ,3989.000            ,35.200              ,29.684              
80, 02-05-2020 20:04:21, 7.000               ,463.242             ,30.078              ,4191.159            ,3996.000            ,35.000              ,29.177              
80, 02-05-2020 20:04:22, 7.000               ,463.242             ,30.078              ,4191.158            ,3996.000            ,35.000              ,29.164              
80, 02-05-2020 20:04:23, 7.000               ,463.242             ,28.516              ,4191.158            ,3987.000            ,34.900              ,29.257              
80, 02-05-2020 20:04:24, 7.000               ,463.242             ,31.250              ,4191.159            ,3987.000            ,34.700              ,30.587              
80, 02-05-2020 20:04:25, 7.000               ,463.242             ,31.250              ,4191.159            ,3994.000            ,34.800              ,29.680              
80, 02-05-2020 20:04:26, 7.000               ,463.242             ,28.906              ,4191.159            ,3994.000            ,34.700              ,29.512              
80, 02-05-2020 20:04:27, 7.000               ,463.242             ,29.688              ,4191.159            ,3987.000            ,34.500              ,30.566              
80, 02-05-2020 20:04:28, 7.000               ,463.242             ,30.859              ,4191.158            ,3987.000            ,34.300              ,30.318              
80, 02-05-2020 20:04:29, 7.000               ,463.242             ,28.906              ,4191.158            ,3993.000            ,34.400              ,30.024              
80, 02-05-2020 20:04:30, 7.000               ,463.242             ,32.031              ,4191.158            ,3988.000            ,34.200              ,30.523              
80, 02-05-2020 20:04:31, 7.000               ,463.242             ,54.688              ,4191.158            ,3988.000            ,33.600              ,32.617              
80, 02-05-2020 20:04:32, 7.000               ,463.242             ,56.250              ,4191.159            ,3989.000            ,33.500              ,30.823              
80, 02-05-2020 20:04:33, 7.000               ,463.242             ,58.984              ,4191.158            ,3999.000            ,33.300              ,31.736              
80, 02-05-2020 20:04:34, 7.000               ,463.242             ,55.078              ,4191.158            ,3990.000            ,33.200              ,31.699              
80, 02-05-2020 20:04:35, 7.000               ,463.242             ,54.688              ,4191.159            ,3989.000            ,33.300              ,31.666              
80, 02-05-2020 20:04:36, 7.000               ,463.242             ,56.250              ,4190.952            ,3990.000            ,33.300              ,30.974              
80, 02-05-2020 20:04:37, 7.000               ,463.242             ,60.156              ,4190.952            ,4008.000            ,32.800              ,32.005              
80, 02-05-2020 20:04:38, 7.000               ,463.242             ,56.250              ,4191.262            ,3994.000            ,33.100              ,32.069              
80, 02-05-2020 20:04:39, 7.000               ,463.242             ,56.641              ,4191.158            ,3994.000            ,32.900              ,31.865              
80, 02-05-2020 20:04:40, 7.000               ,463.242             ,56.250              ,4191.158            ,3994.000            ,32.800              ,31.881              
80, 02-05-2020 20:04:41, 7.000               ,463.242             ,33.594              ,4191.155            ,4001.000            ,33.200              ,33.012              
80, 02-05-2020 20:04:42, 7.000               ,463.242             ,30.078              ,4191.155            ,3995.000            ,33.300              ,30.749              
80, 02-05-2020 20:04:43, 7.000               ,463.242             ,30.469              ,4191.161            ,3994.000            ,33.100              ,31.312              
80, 02-05-2020 20:04:44, 7.000               ,463.242             ,36.328              ,4191.157            ,4011.000            ,33.000              ,34.084              
80, 02-05-2020 20:04:45, 7.000               ,463.242             ,30.078              ,4191.157            ,4009.000            ,33.000              ,31.714              
80, 02-05-2020 20:04:46, 7.000               ,463.242             ,29.297              ,4191.159            ,3997.000            ,33.100              ,30.884              
80, 02-05-2020 20:04:47, 7.000               ,463.242             ,29.688              ,4191.158            ,4000.000            ,32.900              ,31.120              
80, 02-05-2020 20:04:48, 7.000               ,463.242             ,29.297              ,4191.158            ,4000.000            ,32.900              ,31.073              
80, 02-05-2020 20:04:49, 7.000               ,463.242             ,29.297              ,4191.159            ,4007.000            ,32.700              ,31.621              
80, 02-05-2020 20:04:50, 7.000               ,463.242             ,30.078              ,4191.159            ,3998.000            ,32.700              ,31.494              
80, 02-05-2020 20:04:51, 7.000               ,463.242             ,29.688              ,4191.159            ,3997.000            ,32.500              ,31.562              
80, 02-05-2020 20:04:52, 7.000               ,463.242             ,29.688              ,4191.159            ,3997.000            ,32.400              ,32.209              
80, 02-05-2020 20:04:53, 7.000               ,463.242             ,28.906              ,4191.158            ,4004.000            ,32.500              ,31.508              
80, 02-05-2020 20:04:54, 7.000               ,463.242             ,31.250              ,4191.158            ,3997.000            ,32.300              ,32.845              
80, 02-05-2020 20:04:55, 7.000               ,463.242             ,41.406              ,4191.158            ,4006.000            ,32.000              ,33.389              
80, 02-05-2020 20:04:56, 7.000               ,463.242             ,57.031              ,4191.159            ,4007.000            ,31.600              ,32.850              
80, 02-05-2020 20:04:57, 7.000               ,463.242             ,56.641              ,4191.159            ,4010.000            ,31.500              ,33.498              
80, 02-05-2020 20:04:58, 7.000               ,463.242             ,58.203              ,4191.158            ,4000.000            ,31.400              ,35.784              
80, 02-05-2020 20:04:59, 7.000               ,463.242             ,57.031              ,4191.159            ,4000.000            ,31.200              ,34.716              
80, 02-05-2020 20:05:00, 7.000               ,463.242             ,58.203              ,4191.159            ,4000.000            ,31.200              ,33.869              
80, 02-05-2020 20:05:01, 7.000               ,463.242             ,56.641              ,4191.158            ,4012.000            ,31.200              ,33.796              
80, 02-05-2020 20:05:02, 7.000               ,463.242             ,57.813              ,4191.159            ,4001.000            ,31.100              ,33.240              
80, 02-05-2020 20:05:03, 7.000               ,463.242             ,58.203              ,4191.158            ,4007.000            ,31.200              ,33.458              
80, 02-05-2020 20:05:04, 7.000               ,463.242             ,61.328              ,4191.158            ,4011.000            ,31.000              ,34.236              
80, 02-05-2020 20:05:05, 7.000               ,463.242             ,43.750              ,4191.159            ,4013.000            ,31.200              ,34.125              
80, 02-05-2020 20:05:06, 7.000               ,463.242             ,30.859              ,4191.159            ,4002.000            ,31.400              ,33.987              
80, 02-05-2020 20:05:07, 7.000               ,463.242             ,29.688              ,4191.158            ,4002.000            ,31.400              ,33.187              
80, 02-05-2020 20:05:08, 7.000               ,463.242             ,29.297              ,4191.158            ,4006.000            ,31.300              ,33.264              
80, 02-05-2020 20:05:09, 7.000               ,463.242             ,30.469              ,4191.159            ,4007.000            ,31.200              ,32.700              
80, 02-05-2020 20:05:10, 7.000               ,463.242             ,28.906              ,4191.158            ,4003.000            ,31.300              ,32.776              
80, 02-05-2020 20:05:11, 7.000               ,463.242             ,30.078              ,4191.158            ,4003.000            ,31.200              ,32.675              
80, 02-05-2020 20:05:12, 7.000               ,463.242             ,30.078              ,4191.159            ,4011.000            ,31.000              ,32.887              
80, 02-05-2020 20:05:13, 7.000               ,463.242             ,28.906              ,4191.159            ,4012.000            ,31.000              ,33.301              
80, 02-05-2020 20:05:14, 7.000               ,463.242             ,28.906              ,4191.159            ,4004.000            ,30.900              ,33.165              
80, 02-05-2020 20:05:15, 7.000               ,463.242             ,29.297              ,4191.158            ,4004.000            ,30.800              ,33.416              
80, 02-05-2020 20:05:16, 7.000               ,463.242             ,28.906              ,4191.158            ,4009.000            ,30.800              ,32.982              
80, 02-05-2020 20:05:17, 7.000               ,463.242             ,28.125              ,4191.158            ,4009.000            ,30.700              ,33.724              
80, 02-05-2020 20:05:18, 7.000               ,463.242             ,30.078              ,4191.158            ,4004.000            ,30.600              ,33.397              
80, 02-05-2020 20:05:19, 7.000               ,463.242             ,29.688              ,4191.158            ,4005.000            ,30.600              ,33.320              
80, 02-05-2020 20:05:20, 7.000               ,463.242             ,51.172              ,4191.158            ,4014.000            ,30.000              ,34.616              
80, 02-05-2020 20:05:21, 7.000               ,463.242             ,57.422              ,4191.159            ,4016.000            ,29.800              ,34.714              
80, 02-05-2020 20:05:22, 7.000               ,463.242             ,55.078              ,4191.158            ,4006.000            ,29.900              ,35.377              
80, 02-05-2020 20:05:23, 7.000               ,463.242             ,57.031              ,4191.158            ,4007.000            ,29.700              ,35.138              
80, 02-05-2020 20:05:24, 7.000               ,463.242             ,57.813              ,4191.158            ,4014.000            ,29.600              ,35.129              
80, 02-05-2020 20:05:25, 7.000               ,463.242             ,57.813              ,4191.159            ,4009.000            ,29.400              ,36.397              
80, 02-05-2020 20:05:26, 7.000               ,463.242             ,55.469              ,4191.159            ,4007.000            ,29.500              ,38.023              
80, 02-05-2020 20:05:27, 7.000               ,463.242             ,56.641              ,4191.159            ,4016.000            ,29.400              ,36.148              
80, 02-05-2020 20:05:28, 7.000               ,463.242             ,55.859              ,4191.158            ,4019.000            ,29.200              ,36.153              
80, 02-05-2020 20:05:29, 7.000               ,463.242             ,54.688              ,4191.158            ,4009.000            ,29.000              ,36.559              
80, 02-05-2020 20:05:30, 7.000               ,463.242             ,37.109              ,4191.158            ,4008.000            ,29.500              ,35.348              
80, 02-05-2020 20:05:31, 7.000               ,463.242             ,28.906              ,4191.158            ,4008.000            ,29.800              ,34.594              
80, 02-05-2020 20:05:32, 7.000               ,463.242             ,28.906              ,4191.159            ,4013.000            ,29.700              ,34.647              
80, 02-05-2020 20:05:33, 7.000               ,463.242             ,29.297              ,4191.159            ,4009.000            ,29.700              ,34.598              
80, 02-05-2020 20:05:34, 7.000               ,463.242             ,30.078              ,4191.158            ,4009.000            ,29.600              ,35.136              
80, 02-05-2020 20:05:35, 7.000               ,463.242             ,29.297              ,4191.159            ,4007.000            ,29.500              ,34.476              
80, 02-05-2020 20:05:36, 7.000               ,463.242             ,44.531              ,4191.158            ,3959.000            ,29.200              ,36.181              
80, 02-05-2020 20:05:37, 7.000               ,463.242             ,29.688              ,4191.158            ,3955.000            ,29.500              ,34.837              
80, 02-05-2020 20:05:38, 7.000               ,463.242             ,28.906              ,4191.158            ,3955.000            ,29.300              ,35.022              
80, 02-05-2020 20:05:39, 7.000               ,463.242             ,29.688              ,4191.159            ,3965.000            ,29.300              ,35.392              
80, 02-05-2020 20:05:40, 7.000               ,463.242             ,29.297              ,4191.159            ,3966.000            ,29.200              ,35.016              
80, 02-05-2020 20:05:41, 7.000               ,463.242             ,32.031              ,4191.159            ,3957.000            ,29.100              ,35.734              
80, 02-05-2020 20:05:42, 7.000               ,463.242             ,30.078              ,4191.158            ,3964.000            ,29.100              ,35.140              
80, 02-05-2020 20:05:43, 7.000               ,463.242             ,27.734              ,4191.158            ,3964.000            ,29.000              ,35.375              
80, 02-05-2020 20:05:44, 7.000               ,463.242             ,36.719              ,4191.158            ,3972.000            ,28.900              ,35.949              
80, 02-05-2020 20:05:45, 7.000               ,463.242             ,58.594              ,4191.159            ,3963.000            ,28.300              ,37.453              
80, 02-05-2020 20:05:46, 7.000               ,463.242             ,55.859              ,4191.159            ,3970.000            ,28.200              ,37.008              
80, 02-05-2020 20:05:47, 7.000               ,463.242             ,55.859              ,4191.158            ,3970.000            ,28.100              ,37.199              
80, 02-05-2020 20:05:48, 7.000               ,463.242             ,56.250              ,4191.158            ,3974.000            ,28.200              ,36.482              
80, 02-05-2020 20:05:49, 7.000               ,463.242             ,57.813              ,4191.159            ,3965.000            ,27.900              ,39.172              
80, 02-05-2020 20:05:50, 7.000               ,463.242             ,56.250              ,4191.159            ,3976.000            ,27.900              ,38.231              
80, 02-05-2020 20:05:51, 7.000               ,463.242             ,56.250              ,4191.159            ,3976.000            ,28.000              ,37.479              
80, 02-05-2020 20:05:52, 7.000               ,463.242             ,53.906              ,4191.159            ,3977.000            ,27.900              ,36.783              
80, 02-05-2020 20:05:53, 7.000               ,463.242             ,55.859              ,4191.156            ,3966.000            ,27.900              ,36.618              
80, 02-05-2020 20:05:54, 7.000               ,463.242             ,56.641              ,4191.156            ,3973.000            ,27.700              ,38.282              
80, 02-05-2020 20:05:55, 7.000               ,463.242             ,54.688              ,4191.159            ,3974.000            ,27.800              ,37.504              
80, 02-05-2020 20:05:56, 6.000               ,463.242             ,55.859              ,4191.159            ,3978.000            ,27.700              ,37.690              
80, 02-05-2020 20:05:57, 7.000               ,463.242             ,58.203              ,4191.159            ,3968.000            ,27.600              ,37.664              
80, 02-05-2020 20:05:58, 7.000               ,463.242             ,56.250              ,4191.159            ,3975.000            ,27.600              ,37.881              
80, 02-05-2020 20:05:59, 7.000               ,463.242             ,56.641              ,4191.158            ,3977.000            ,27.500              ,38.273              
80, 02-05-2020 20:06:00, 7.000               ,463.242             ,55.078              ,4191.158            ,3980.000            ,27.500              ,38.741              
80, 02-05-2020 20:06:01, 7.000               ,463.242             ,56.250              ,4191.159            ,3969.000            ,27.200              ,40.557              
80, 02-05-2020 20:06:02, 7.000               ,463.242             ,54.688              ,4191.158            ,3975.000            ,27.500              ,37.146              
80, 02-05-2020 20:06:03, 7.000               ,463.242             ,56.250              ,4191.158            ,3979.000            ,27.200              ,38.943              
80, 02-05-2020 20:06:04, 7.000               ,463.242             ,48.828              ,4191.159            ,3980.000            ,27.100              ,39.615              
80, 02-05-2020 20:06:05, 7.000               ,463.242             ,27.344              ,4191.159            ,3972.000            ,27.800              ,37.349              
80, 02-05-2020 20:06:06, 7.000               ,463.242             ,30.078              ,4191.158            ,3980.000            ,27.700              ,37.109              
80, 02-05-2020 20:06:07, 7.000               ,463.242             ,29.688              ,4191.158            ,3984.000            ,27.500              ,37.502              
80, 02-05-2020 20:06:08, 7.000               ,463.242             ,27.734              ,4191.158            ,3984.000            ,27.600              ,37.573              
80, 02-05-2020 20:06:09, 7.000               ,463.242             ,28.125              ,4191.158            ,3973.000            ,27.600              ,37.649              
80, 02-05-2020 20:06:10, 7.000               ,463.242             ,30.078              ,4191.158            ,3977.000            ,27.400              ,38.041              
80, 02-05-2020 20:06:11, 7.000               ,463.242             ,29.688              ,4191.159            ,3981.000            ,27.400              ,37.678              
80, 02-05-2020 20:06:12, 7.000               ,463.242             ,28.125              ,4191.159            ,3981.000            ,27.300              ,37.263              
80, 02-05-2020 20:06:13, 4.000               ,436.426             ,67.969              ,4191.158            ,3993.000            ,N/A                 ,0.000               
80, 02-05-2020 20:06:14, 0.000               ,436.426             ,42.578              ,4191.158            ,3992.000            ,N/A                 ,0.000               
80, 02-05-2020 20:06:15, 0.000               ,436.426             ,39.844              ,4191.158            ,3984.000            ,N/A                 ,0.000               
80, 02-05-2020 20:06:16, 0.000               ,436.426             ,26.563              ,4191.158            ,3984.000            ,N/A                 ,0.000               
80, 02-05-2020 20:06:17, 0.000               ,436.426             ,26.563              ,4191.159            ,3985.000            ,N/A                 ,0.000               
80, 02-05-2020 20:06:18, 0.000               ,436.426             ,42.188              ,4191.158            ,4005.000            ,N/A                 ,0.000               
80, 02-05-2020 20:06:19, 1.000               ,437.551             ,46.094              ,4191.157            ,4020.000            ,N/A                 ,0.000               
